Issue,Total,Talbot County,Kent County,Dorchester County,Caroline County,Queen Anne's County
"Easton Town Council Politics",163,156,0,7,14,2
"Budget and Fiscal Management",64,61,3,13,10,5
"Community Development Projects",63,50,0,5,9,2
"Cambridge Harbor Development Project",52,3,0,52,2,0
"Infrastructure and Transportation",50,48,0,6,5,2
"Lakeside Development Controversy",44,44,0,0,0,0
"Infrastructure Development and Maintenance",43,3,0,22,20,1
"Election Integrity and Processes",39,34,1,8,8,2
"Budget and Funding Challenges",39,1,4,2,36,4
"Cannabis Regulation and Zoning",38,33,0,3,7,1
"Public Safety and Emergency Services",35,35,0,1,1,0
"Local Government Transparency and Accountability",34,3,0,32,2,0
"Affordable Housing Initiatives",33,33,0,2,1,0
"Government Leadership & Personnel",32,10,0,1,21,0
"Environmental Concerns",29,27,1,1,1,1
"Land Use and Zoning Disputes",26,4,6,4,16,2
"Dorchester County Budget and Finance",26,0,0,26,0,0
"Leadership and Governance",25,8,7,3,10,2
"Leadership Changes and Controversies",23,0,0,23,0,0
"Public Safety and Law Enforcement",19,3,0,16,2,3
"Law Enforcement and Public Safety",17,0,0,1,17,1
"Solar Energy Development Debates",17,3,0,7,12,2
"Education and Schools",15,7,0,3,4,1
"Community Development Initiatives",15,1,7,1,8,2
"Elections & Representation",15,4,0,0,11,0
"Community Development and Revitalization",14,0,0,12,2,0
"Dissolved Air Flotation Storage Regulations",14,2,0,0,14,0
"Government Transparency and Accountability",13,0,0,0,13,0
"Economic Development and Tourism",11,1,0,1,7,2
"Land Use and Development Debates",11,0,0,0,0,11
"Water and Sewer Infrastructure Issues",10,1,0,0,9,0
"Public Services and Facilities",9,0,1,0,6,2
"Infrastructure and Development",9,1,5,2,1,1
"Community Development and Recreation",7,0,0,0,0,7
"Solar Farm Controversies",6,0,6,0,0,0
"Leadership and Governance Matters",6,1,1,0,1,6
"Housing and Affordable Development",6,0,0,6,0,0
"Regional Cooperation",5,1,5,1,4,4
"Housing and Community Development",5,0,0,0,5,0
"Historic District Regulations",5,2,3,0,0,0
"Environmental Concerns and Flooding",4,0,0,3,1,0
"Infrastructure and Transportation Planning",4,0,0,0,0,4
"Chesapeake Bay Bridge Infrastructure Concerns",4,1,0,0,0,4
"Waste Management and Landfill Issues",4,2,2,0,3,3
"Public Services & Facilities",3,1,0,0,1,1
"Cannabis Regulations and Controversies",3,0,0,0,0,3
"Legislation, Policy & Regulations",2,1,1,1,1,1
"Comprehensive Plan Update",1,1,0,0,1,0
"Cannabis Regulations and Zoning",1,0,0,0,0,1
"Environmental and Conservation Efforts",1,0,0,0,0,1
"Business Regulations and Licensing",1,1,0,0,0,0
TOTALS,1115,587,53,265,286,84
